{
    "maxSmbusErrorRetry": 3,
    "config": [
        {
            "NVMeDriveIndex": 1,
            "NVMeDriveBusID": 0
        },
        {
            "NVMeDriveIndex": 2,
            "NVMeDriveBusID": 1
        },
        {
            "NVMeDriveIndex": 3,
            "NVMeDriveBusID": 2
        },
        {
            "NVMeDriveIndex": 4,
            "NVMeDriveBusID": 3
        },
        {
            "NVMeDriveIndex": 5,
            "NVMeDriveBusID": 4
        },
        {
            "NVMeDriveIndex": 6,
            "NVMeDriveBusID": 5
        }
    ],
    "threshold": [
        {
            "criticalHigh": 68,
            "criticalLow": 0,
            "warningHigh": 67,
            "warningLow": 1,
            "maxValue": 127,
            "minValue": -127
        }
    ]
}
