{
    "Exposes": [
        {
            "Name": "P0 Fan connector",
            "Pwm" : 0,
            "Tachs": [0],
            "Type": "FanConnector"
        },
        {
            "Name": "P1 Fan connector",
            "Pwm" : 1,
            "Tachs": [1],
            "Type": "FanConnector"
        },
        {
            "Name": "SYS FAN1 connector",
            "Pwm" : 2,
            "Tachs": [2],
            "Type": "FanConnector"
        },
        {
            "Name": "SYS FAN2 connector",
            "Pwm" : 3,
            "Tachs": [3],
            "Type": "FanConnector"
        },
        {
            "Name": "SYS FAN3 connector",
            "Pwm" : 4,
            "Tachs": [4],
            "Type": "FanConnector"
        },
        {
            "Name": "SYS FAN4 connector",
            "Pwm" : 5,
            "Tachs": [5],
            "Type": "FanConnector"
        },
        {
            "Name": "SYS FAN5 connector",
            "Pwm" : 6,
            "Tachs": [6],
            "Type": "FanConnector"
        },
        {
            "Name": "SYS FAN6 connector",
            "Pwm" : 7,
            "Tachs": [7],
            "Type": "FanConnector"
        },
        {
            "Index": 0,
            "Name": "5_DUAL",
            "ScaleFactor": 0.272,
            "Thresholds": [
                {
                    "Direction": "greater than",
                    "Name": "upper critical",
                    "Severity": 1,
                    "Value": 5.5
                },
                {
                    "Direction": "less than",
                    "Name": "lower critical",
                    "Severity": 1,
                    "Value": 4.5
                }
            ],
            "Type": "ADC"
        },
        {
            "Index": 1,
            "Name": "33_DUAL",
            "ScaleFactor": 0.411,
            "Thresholds": [
                {
                    "Direction": "greater than",
                    "Name": "upper critical",
                    "Severity": 1,
                    "Value": 3.63
                },
                {
                    "Direction": "less than",
                    "Name": "lower critical",
                    "Severity": 1,
                    "Value": 2.97
                }
            ],
            "Type": "ADC"
        },
        {
            "Index": 2,
            "Name": "12_RUN",
            "PowerState": "On",
            "ScaleFactor": 0.113,
            "Thresholds": [
                {
                    "Direction": "greater than",
                    "Name": "upper critical",
                    "Severity": 1,
                    "Value": 13.2
                },
                {
                    "Direction": "less than",
                    "Name": "lower critical",
                    "Severity": 1,
                    "Value": 10.8
                }
            ],
            "Type": "ADC"
        },
        {
            "Index": 3,
            "Name": "5_RUN",
            "PowerState": "On",
            "ScaleFactor": 0.272,
            "Thresholds": [
                {
                    "Direction": "greater than",
                    "Name": "upper critical",
                    "Severity": 1,
                    "Value": 5.5
                },
                {
                    "Direction": "less than",
                    "Name": "lower critical",
                    "Severity": 1,
                    "Value": 4.5
                }
            ],
            "Type": "ADC"
        },
        {
            "Index": 4,
            "Name": "33_RUN",
            "PowerState": "On",
            "ScaleFactor": 0.411,
            "Thresholds": [
                {
                    "Direction": "greater than",
                    "Name": "upper critical",
                    "Severity": 1,
                    "Value": 3.63
                },
                {
                    "Direction": "less than",
                    "Name": "lower critical",
                    "Severity": 1,
                    "Value": 2.97
                }
            ],
            "Type": "ADC"
        },
        {
            "Address": "0x61",
            "Bus": 4,
            "Labels": [
                "iin",
                "iout1",
                "vin",
                "vout1",
                "temp1"
            ],
            "PowerState": "On",
            "Name": "P0_VDD_CORE",
            "Thresholds": [
                {
                    "Direction": "greater than",
                    "Label": "iin",
                    "Name": "upper critical",
                    "Severity": 1,
                    "Value": 50
                },
                {
                    "Direction": "greater than",
                    "Label": "iout1",
                    "Name": "upper critical",
                    "Severity": 1,
                    "Value": 216
                },
                {
                    "Direction": "less than",
                    "Label": "vin",
                    "Name": "lower critical",
                    "Severity": 1,
                    "Value": 8.0
                },
                {
                    "Direction": "greater than",
                    "Label": "vin",
                    "Name": "upper critical",
                    "Severity": 1,
                    "Value": 14.0
                },
                {
                    "Direction": "less than",
                    "Label": "vout1",
                    "Name": "lower critical",
                    "Severity": 1,
                    "Value": 0
                },
                {
                    "Direction": "greater than",
                    "Label": "vout1",
                    "Name": "upper critical",
                    "Severity": 1,
                    "Value": 2.875
                },
                {
                    "Direction": "less than",
                    "Label": "temp1",
                    "Name": "lower critical",
                    "Severity": 1,
                    "Value": 0
                },
                {
                    "Direction": "greater than",
                    "Label": "temp1",
                    "Name": "upper critical",
                    "Severity": 1,
                    "Value": 125
                }
            ],
            "Type": "ISL68137"
        },
        {
            "Address": "0x63",
            "Bus": 4,
            "Labels": [
                "iin",
                "iout1",
                "vin",
                "vout1",
                "temp1"
            ],
            "PowerState": "On",
            "Name": "P0_VDD_SOC",
            "Thresholds": [
                {
                    "Direction": "greater than",
                    "Label": "iin",
                    "Name": "upper critical",
                    "Severity": 1,
                    "Value": 50
                },
                {
                    "Direction": "greater than",
                    "Label": "iout1",
                    "Name": "upper critical",
                    "Severity": 1,
                    "Value": 85
                },
                {
                    "Direction": "less than",
                    "Label": "vin",
                    "Name": "lower critical",
                    "Severity": 1,
                    "Value": 8.0
                },
                {
                    "Direction": "greater than",
                    "Label": "vin",
                    "Name": "upper critical",
                    "Severity": 1,
                    "Value": 14.0
                },
                {
                    "Direction": "less than",
                    "Label": "vout1",
                    "Name": "lower critical",
                    "Severity": 1,
                    "Value": 0
                },
                {
                    "Direction": "greater than",
                    "Label": "vout1",
                    "Name": "upper critical",
                    "Severity": 1,
                    "Value": 2.875
                },
                {
                    "Direction": "less than",
                    "Label": "temp1",
                    "Name": "lower critical",
                    "Severity": 1,
                    "Value": 0
                },
                {
                    "Direction": "greater than",
                    "Label": "temp1",
                    "Name": "upper critical",
                    "Severity": 1,
                    "Value": 125
                }
            ],
            "Type": "ISL68137"
        },
        {
            "Address": "0x64",
            "Bus": 4,
            "Labels": [
                "iin",
                "iout1",
                "iout2",
                "vin",
                "vout1",
                "vout2",
                "temp1"
            ],
            "PowerState": "On",
            "Name": "P0_VDD_MEM_ABCD",
            "Name1": "P0_VDD_VPP_ABCD",
            "iin_Name" : "P0_VDD_MEM_VPP_ABCD_Input_Current",
            "vin_Name" : "P0_VDD_MEM_VPP_ABCD_Input_Voltage",
            "temp1_Name" : "P0_VDD_MEM_VPP_ABCD_Temperature",
            "Thresholds": [
                {
                    "Direction": "greater than",
                    "Label": "iin",
                    "Name": "upper critical",
                    "Severity": 1,
                    "Value": 50
                },
                {
                    "Direction": "greater than",
                    "Label": "iout1",
                    "Name": "upper critical",
                    "Severity": 1,
                    "Value": 120
                },
                {
                    "Direction": "greater than",
                    "Label": "iout2",
                    "Name": "upper critical",
                    "Severity": 1,
                    "Value": 40
                },
                {
                    "Direction": "less than",
                    "Label": "vin",
                    "Name": "lower critical",
                    "Severity": 1,
                    "Value": 4.5
                },
                {
                    "Direction": "greater than",
                    "Label": "vin",
                    "Name": "upper critical",
                    "Severity": 1,
                    "Value": 14.0
                },
                {
                    "Direction": "less than",
                    "Label": "vout1",
                    "Name": "lower critical",
                    "Severity": 1,
                    "Value": 0
                },
                {
                    "Direction": "greater than",
                    "Label": "vout1",
                    "Name": "upper critical",
                    "Severity": 1,
                    "Value": 1.9
                },
                {
                    "Direction": "less than",
                    "Label": "vout2",
                    "Name": "lower critical",
                    "Severity": 1,
                    "Value": 0
                },
                {
                    "Direction": "greater than",
                    "Label": "vout2",
                    "Name": "upper critical",
                    "Severity": 1,
                    "Value": 2.8
                },
                {
                    "Direction": "less than",
                    "Label": "temp1",
                    "Name": "lower critical",
                    "Severity": 1,
                    "Value": 0
                },
                {
                    "Direction": "greater than",
                    "Label": "temp1",
                    "Name": "upper critical",
                    "Severity": 1,
                    "Value": 125
                }
            ],
            "Type": "ISL68137"
        },
        {
            "Address": "0x65",
            "Bus": 4,
            "Labels": [
                "iin",
                "iout1",
                "iout2",
                "vin",
                "vout1",
                "vout2",
                "temp1"
            ],
            "PowerState": "On",
            "Name": "P0_VDD_MEM_EFGH",
            "Name1": "P0_VDD_VPP_EFGH",
            "iin_Name" : "P0_VDD_MEM_VPP_EFGH_Input_Current",
            "vin_Name" : "P0_VDD_MEM_VPP_EFGH_Input_Voltage",
            "temp1_Name" : "P0_VDD_MEM_VPP_EFGH_Temperature",
            "Thresholds": [
                {
                    "Direction": "greater than",
                    "Label": "iin",
                    "Name": "upper critical",
                    "Severity": 1,
                    "Value": 50
                },
                {
                    "Direction": "greater than",
                    "Label": "iout1",
                    "Name": "upper critical",
                    "Severity": 1,
                    "Value": 120
                },
                {
                    "Direction": "greater than",
                    "Label": "iout2",
                    "Name": "upper critical",
                    "Severity": 1,
                    "Value": 40
                },
                {
                    "Direction": "less than",
                    "Label": "vin",
                    "Name": "lower critical",
                    "Severity": 1,
                    "Value": 4.5
                },
                {
                    "Direction": "greater than",
                    "Label": "vin",
                    "Name": "upper critical",
                    "Severity": 1,
                    "Value": 14.0
                },
                {
                    "Direction": "less than",
                    "Label": "vout1",
                    "Name": "lower critical",
                    "Severity": 1,
                    "Value": 0
                },
                {
                    "Direction": "greater than",
                    "Label": "vout1",
                    "Name": "upper critical",
                    "Severity": 1,
                    "Value": 1.9
                },
                {
                    "Direction": "less than",
                    "Label": "vout2",
                    "Name": "lower critical",
                    "Severity": 1,
                    "Value": 0
                },
                {
                    "Direction": "greater than",
                    "Label": "vout2",
                    "Name": "upper critical",
                    "Severity": 1,
                    "Value": 2.8
                },
                {
                    "Direction": "less than",
                    "Label": "temp1",
                    "Name": "lower critical",
                    "Severity": 1,
                    "Value": 0
                },
                {
                    "Direction": "greater than",
                    "Label": "temp1",
                    "Name": "upper critical",
                    "Severity": 1,
                    "Value": 125
                }
            ],
            "Type": "ISL68137"
        },
        {
            "Address": "0x61",
            "Bus": 5,
            "Labels": [
                "iin",
                "iout1",
                "vin",
                "vout1",
                "temp1"
            ],
            "PowerState": "On",
            "Name": "P1_VDD_CORE",
            "Thresholds": [
                {
                    "Direction": "greater than",
                    "Label": "iin",
                    "Name": "upper critical",
                    "Severity": 1,
                    "Value": 50
                },
                {
                    "Direction": "greater than",
                    "Label": "iout1",
                    "Name": "upper critical",
                    "Severity": 1,
                    "Value": 216
                },
                {
                    "Direction": "less than",
                    "Label": "vin",
                    "Name": "lower critical",
                    "Severity": 1,
                    "Value": 8.0
                },
                {
                    "Direction": "greater than",
                    "Label": "vin",
                    "Name": "upper critical",
                    "Severity": 1,
                    "Value": 14.0
                },
                {
                    "Direction": "less than",
                    "Label": "vout1",
                    "Name": "lower critical",
                    "Severity": 1,
                    "Value": 0
                },
                {
                    "Direction": "greater than",
                    "Label": "vout1",
                    "Name": "upper critical",
                    "Severity": 1,
                    "Value": 2.875
                },
                {
                    "Direction": "less than",
                    "Label": "temp1",
                    "Name": "lower critical",
                    "Severity": 1,
                    "Value": 0
                },
                {
                    "Direction": "greater than",
                    "Label": "temp1",
                    "Name": "upper critical",
                    "Severity": 1,
                    "Value": 125
                }
            ],
            "Type": "ISL68137"
        },
        {
            "Address": "0x63",
            "Bus": 5,
            "Labels": [
                "iin",
                "iout1",
                "vin",
                "vout1",
                "temp1"
            ],
            "PowerState": "On",
            "Name": "P1_VDD_SOC",
            "Thresholds": [
                {
                    "Direction": "greater than",
                    "Label": "iin",
                    "Name": "upper critical",
                    "Severity": 1,
                    "Value": 50
                },
                {
                    "Direction": "greater than",
                    "Label": "iout1",
                    "Name": "upper critical",
                    "Severity": 1,
                    "Value": 85
                },
                {
                    "Direction": "less than",
                    "Label": "vin",
                    "Name": "lower critical",
                    "Severity": 1,
                    "Value": 8.0
                },
                {
                    "Direction": "greater than",
                    "Label": "vin",
                    "Name": "upper critical",
                    "Severity": 1,
                    "Value": 14.0
                },
                {
                    "Direction": "less than",
                    "Label": "vout1",
                    "Name": "lower critical",
                    "Severity": 1,
                    "Value": 0
                },
                {
                    "Direction": "greater than",
                    "Label": "vout1",
                    "Name": "upper critical",
                    "Severity": 1,
                    "Value": 2.875
                },
                {
                    "Direction": "less than",
                    "Label": "temp1",
                    "Name": "lower critical",
                    "Severity": 1,
                    "Value": 0
                },
                {
                    "Direction": "greater than",
                    "Label": "temp1",
                    "Name": "upper critical",
                    "Severity": 1,
                    "Value": 125
                }
            ],
            "Type": "ISL68137"
        },
        {
            "Address": "0x64",
            "Bus": 5,
            "Labels": [
                "iin",
                "iout1",
                "iout2",
                "vin",
                "vout1",
                "vout2",
                "temp1"
            ],
            "PowerState": "On",
            "Name": "P1_VDD_MEM_ABCD",
            "Name1": "P1_VDD_VPP_ABCD",
            "iin_Name" : "P1_VDD_MEM_VPP_ABCD_Input_Current",
            "vin_Name" : "P1_VDD_MEM_VPP_ABCD_Input_Voltage",
            "temp1_Name" : "P1_VDD_MEM_VPP_ABCD_Temperature",
            "Thresholds": [
                {
                    "Direction": "greater than",
                    "Label": "iin",
                    "Name": "upper critical",
                    "Severity": 1,
                    "Value": 50
                },
                {
                    "Direction": "greater than",
                    "Label": "iout1",
                    "Name": "upper critical",
                    "Severity": 1,
                    "Value": 120
                },
                {
                    "Direction": "greater than",
                    "Label": "iout2",
                    "Name": "upper critical",
                    "Severity": 1,
                    "Value": 40
                },
                {
                    "Direction": "less than",
                    "Label": "vin",
                    "Name": "lower critical",
                    "Severity": 1,
                    "Value": 4.5
                },
                {
                    "Direction": "greater than",
                    "Label": "vin",
                    "Name": "upper critical",
                    "Severity": 1,
                    "Value": 14.0
                },
                {
                    "Direction": "less than",
                    "Label": "vout1",
                    "Name": "lower critical",
                    "Severity": 1,
                    "Value": 0
                },
                {
                    "Direction": "greater than",
                    "Label": "vout1",
                    "Name": "upper critical",
                    "Severity": 1,
                    "Value": 1.9
                },
                {
                    "Direction": "less than",
                    "Label": "vout2",
                    "Name": "lower critical",
                    "Severity": 1,
                    "Value": 0
                },
                {
                    "Direction": "greater than",
                    "Label": "vout2",
                    "Name": "upper critical",
                    "Severity": 1,
                    "Value": 2.8
                },
                {
                    "Direction": "less than",
                    "Label": "temp1",
                    "Name": "lower critical",
                    "Severity": 1,
                    "Value": 0
                },
                {
                    "Direction": "greater than",
                    "Label": "temp1",
                    "Name": "upper critical",
                    "Severity": 1,
                    "Value": 125
                }
            ],
            "Type": "ISL68137"
        },
        {
            "Address": "0x65",
            "Bus": 5,
            "Labels": [
                "iin",
                "iout1",
                "iout2",
                "vin",
                "vout1",
                "vout2",
                "temp1"
            ],
            "PowerState": "On",
            "Name": "P1_VDD_MEM_EFGH",
            "Name1": "P1_VDD_VPP_EFGH",
            "iin_Name" : "P1_VDD_MEM_VPP_EFGH_Input_Current",
            "vin_Name" : "P1_VDD_MEM_VPP_EFGH_Input_Voltage",
            "temp1_Name" : "P1_VDD_MEM_VPP_EFGH_Temperature",
            "Thresholds": [
                {
                    "Direction": "greater than",
                    "Label": "iin",
                    "Name": "upper critical",
                    "Severity": 1,
                    "Value": 50
                },
                {
                    "Direction": "greater than",
                    "Label": "iout1",
                    "Name": "upper critical",
                    "Severity": 1,
                    "Value": 120
                },
                {
                    "Direction": "greater than",
                    "Label": "iout2",
                    "Name": "upper critical",
                    "Severity": 1,
                    "Value": 40
                },
                {
                    "Direction": "less than",
                    "Label": "vin",
                    "Name": "lower critical",
                    "Severity": 1,
                    "Value": 4.5
                },
                {
                    "Direction": "greater than",
                    "Label": "vin",
                    "Name": "upper critical",
                    "Severity": 1,
                    "Value": 14.0
                },
                {
                    "Direction": "less than",
                    "Label": "vout1",
                    "Name": "lower critical",
                    "Severity": 1,
                    "Value": 0
                },
                {
                    "Direction": "greater than",
                    "Label": "vout1",
                    "Name": "upper critical",
                    "Severity": 1,
                    "Value": 1.9
                },
                {
                    "Direction": "less than",
                    "Label": "vout2",
                    "Name": "lower critical",
                    "Severity": 1,
                    "Value": 0
                },
                {
                    "Direction": "greater than",
                    "Label": "vout2",
                    "Name": "upper critical",
                    "Severity": 1,
                    "Value": 2.8
                },
                {
                    "Direction": "less than",
                    "Label": "temp1",
                    "Name": "lower critical",
                    "Severity": 1,
                    "Value": 0
                },
                {
                    "Direction": "greater than",
                    "Label": "temp1",
                    "Name": "upper critical",
                    "Severity": 1,
                    "Value": 125
                }
            ],
            "Type": "ISL68137"
        },
        {
            "Address": "0x48",
            "Bus": 7,
            "Name": "BMC",
            "Thresholds": [
                {
                    "Direction": "greater than",
                    "Name": "upper critical",
                    "Severity": 1,
                    "Value": 40
                },
                {
                    "Direction": "greater than",
                    "Name": "upper non critical",
                    "Severity": 0,
                    "Value": 38
                },
                {
                    "Direction": "less than",
                    "Name": "lower non critical",
                    "Severity": 0,
                    "Value": 5
                },
                {
                    "Direction": "less than",
                    "Name": "lower critical",
                    "Severity": 1,
                    "Value": 0
                }
            ],
            "Type": "LM75A"
        },
        {
            "Address": "0x49",
            "Bus": 7,
            "Name": "DIMM_P0_ABCD_P1_EFGH",
            "Thresholds": [
                {
                    "Direction": "greater than",
                    "Name": "upper critical",
                    "Severity": 1,
                    "Value": 40
                },
                {
                    "Direction": "greater than",
                    "Name": "upper non critical",
                    "Severity": 0,
                    "Value": 38
                },
                {
                    "Direction": "less than",
                    "Name": "lower non critical",
                    "Severity": 0,
                    "Value": 5
                },
                {
                    "Direction": "less than",
                    "Name": "lower critical",
                    "Severity": 1,
                    "Value": 0
                }
            ],
            "Type": "LM75A"
        },
        {
            "Address": "0x4A",
            "Bus": 7,
            "Name": "DIMM_P1_EFGH",
            "Thresholds": [
                {
                    "Direction": "greater than",
                    "Name": "upper critical",
                    "Severity": 1,
                    "Value": 40
                },
                {
                    "Direction": "greater than",
                    "Name": "upper non critical",
                    "Severity": 0,
                    "Value": 38
                },
                {
                    "Direction": "less than",
                    "Name": "lower non critical",
                    "Severity": 0,
                    "Value": 5
                },
                {
                    "Direction": "less than",
                    "Name": "lower critical",
                    "Severity": 1,
                    "Value": 0
                }
            ],
            "Type": "LM75A"
        },
        {
            "Address": "0x4B",
            "Bus": 7,
            "Name": "PCIe_Slots",
            "Thresholds": [
                {
                    "Direction": "greater than",
                    "Name": "upper critical",
                    "Severity": 1,
                    "Value": 40
                },
                {
                    "Direction": "greater than",
                    "Name": "upper non critical",
                    "Severity": 0,
                    "Value": 38
                },
                {
                    "Direction": "less than",
                    "Name": "lower non critical",
                    "Severity": 0,
                    "Value": 5
                },
                {
                    "Direction": "less than",
                    "Name": "lower critical",
                    "Severity": 1,
                    "Value": 0
                }
            ],
            "Type": "LM75A"
        },
        {
            "Address": "0x4C",
            "Bus": 7,
            "Name": "DIMM_P0_EFGH_P1_ABCD",
            "Thresholds": [
                {
                    "Direction": "greater than",
                    "Name": "upper critical",
                    "Severity": 1,
                    "Value": 40
                },
                {
                    "Direction": "greater than",
                    "Name": "upper non critical",
                    "Severity": 0,
                    "Value": 38
                },
                {
                    "Direction": "less than",
                    "Name": "lower non critical",
                    "Severity": 0,
                    "Value": 5
                },
                {
                    "Direction": "less than",
                    "Name": "lower critical",
                    "Severity": 1,
                    "Value": 0
                }
            ],
            "Type": "LM75A"
        },
        {
            "Address": "0x4D",
            "Bus": 7,
            "Name": "DIMM_P1_ABCD",
            "Thresholds": [
                {
                    "Direction": "greater than",
                    "Name": "upper critical",
                    "Severity": 1,
                    "Value": 40
                },
                {
                    "Direction": "greater than",
                    "Name": "upper non critical",
                    "Severity": 0,
                    "Value": 38
                },
                {
                    "Direction": "less than",
                    "Name": "lower non critical",
                    "Severity": 0,
                    "Value": 5
                },
                {
                    "Direction": "less than",
                    "Name": "lower critical",
                    "Severity": 1,
                    "Value": 0
                }
            ],
            "Type": "LM75A"
        },
        {
            "Address": "0x4E",
            "Bus": 7,
            "Name": "DIMM_P0_EFGH",
            "Thresholds": [
                {
                    "Direction": "greater than",
                    "Name": "upper critical",
                    "Severity": 1,
                    "Value": 40
                },
                {
                    "Direction": "greater than",
                    "Name": "upper non critical",
                    "Severity": 0,
                    "Value": 38
                },
                {
                    "Direction": "less than",
                    "Name": "lower non critical",
                    "Severity": 0,
                    "Value": 5
                },
                {
                    "Direction": "less than",
                    "Name": "lower critical",
                    "Severity": 1,
                    "Value": 0
                }
            ],
            "Type": "LM75A"
        },
        {
            "Address": "0x4F",
            "Bus": 7,
            "Name": "DIMM_P0_ABCD",
            "Thresholds": [
                {
                    "Direction": "greater than",
                    "Name": "upper critical",
                    "Severity": 1,
                    "Value": 40
                },
                {
                    "Direction": "greater than",
                    "Name": "upper non critical",
                    "Severity": 0,
                    "Value": 38
                },
                {
                    "Direction": "less than",
                    "Name": "lower non critical",
                    "Severity": 0,
                    "Value": 5
                },
                {
                    "Direction": "less than",
                    "Name": "lower critical",
                    "Severity": 1,
                    "Value": 0
                }
            ],
            "Type": "LM75A"
        },
        {
            "Address": "0x4C",
            "Bus": 0,
            "Name": "CPU0",
            "PowerState": "On",
            "Thresholds": [
                {
                    "Direction": "greater than",
                    "Name": "upper critical",
                    "Severity": 1,
                    "Value": 75
                },
                {
                    "Direction": "greater than",
                    "Name": "upper non critical",
                    "Severity": 0,
                    "Value": 70
                },
                {
                    "Direction": "less than",
                    "Name": "lower non critical",
                    "Severity": 0,
                    "Value": 5
                },
                {
                    "Direction": "less than",
                    "Name": "lower critical",
                    "Severity": 1,
                    "Value": 0
                }
            ],
            "Type": "SBTSI"
        },
        {
            "Address": "0x48",
            "Bus": 1,
            "Name": "CPU1",
            "PowerState": "On",
            "Thresholds": [
                {
                    "Direction": "greater than",
                    "Name": "upper critical",
                    "Severity": 1,
                    "Value": 75
                },
                {
                    "Direction": "greater than",
                    "Name": "upper non critical",
                    "Severity": 0,
                    "Value": 70
                },
                {
                    "Direction": "less than",
                    "Name": "lower non critical",
                    "Severity": 0,
                    "Value": 5
                },
                {
                    "Direction": "less than",
                    "Name": "lower critical",
                    "Severity": 1,
                    "Value": 0
                }
            ],
            "Type": "SBTSI"
        },
        {
            "Class": "fan",
            "FFGainCoefficient": 1.0,
            "FFOffCoefficient": 0.0,
            "ICoefficient": 0.0,
            "ILimitMax": 0.0,
            "ILimitMin": 0.0,
            "Inputs": [
                "P0_Fan"
            ],
            "Name": "P0_Fan",
            "NegativeHysteresis": 0.0,
            "OutLimitMax": 100.0,
            "OutLimitMin": 10.0,
            "Outputs": [
                "Pwm 1"
            ],
            "PCoefficient": 0.0,
            "PositiveHysteresis": 0.0,
            "SlewNeg": 0.0,
            "SlewPos": 0.0,
            "Type": "Pid",
            "Zones": [
                "Zone 1"
            ]
        },
        {
            "Class": "fan",
            "FFGainCoefficient": 1.0,
            "FFOffCoefficient": 0.0,
            "ICoefficient": 0.0,
            "ILimitMax": 0.0,
            "ILimitMin": 0.0,
            "Inputs": [
                "P1_Fan"
            ],
            "Name": "P1_Fan",
            "NegativeHysteresis": 0.0,
            "OutLimitMax": 100.0,
            "OutLimitMin": 10.0,
            "Outputs": [
                "Pwm 2"
            ],
            "PCoefficient": 0.0,
            "PositiveHysteresis": 0.0,
            "SlewNeg": 0.0,
            "SlewPos": 0.0,
            "Type": "Pid",
            "Zones": [
                "Zone 2"
            ]
        },
        {
            "Class": "fan",
            "FFGainCoefficient": 1.0,
            "FFOffCoefficient": 0.0,
            "ICoefficient": 0.0,
            "ILimitMax": 0.0,
            "ILimitMin": 0.0,
            "Inputs": [
                "SYS_FAN1"
            ],
            "Name": "SYS_FAN1",
            "NegativeHysteresis": 0.0,
            "OutLimitMax": 100.0,
            "OutLimitMin": 10.0,
            "Outputs": [
                "Pwm 3"
            ],
            "PCoefficient": 0.0,
            "PositiveHysteresis": 0.0,
            "SlewNeg": 0.0,
            "SlewPos": 0.0,
            "Type": "Pid",
            "Zones": [
                "Zone 3"
            ]
        },
        {
            "Class": "fan",
            "FFGainCoefficient": 1.0,
            "FFOffCoefficient": 0.0,
            "ICoefficient": 0.0,
            "ILimitMax": 0.0,
            "ILimitMin": 0.0,
            "Inputs": [
                "SYS_FAN2"
            ],
            "Name": "SYS_FAN2",
            "NegativeHysteresis": 0.0,
            "OutLimitMax": 100.0,
            "OutLimitMin": 10.0,
            "Outputs": [
                "Pwm 4"
            ],
            "PCoefficient": 0.0,
            "PositiveHysteresis": 0.0,
            "SlewNeg": 0.0,
            "SlewPos": 0.0,
            "Type": "Pid",
            "Zones": [
                "Zone 3"
            ]
        },
        {
            "Class": "fan",
            "FFGainCoefficient": 1.0,
            "FFOffCoefficient": 0.0,
            "ICoefficient": 0.0,
            "ILimitMax": 0.0,
            "ILimitMin": 0.0,
            "Inputs": [
                "SYS_FAN3"
            ],
            "Name": "SYS_FAN3",
            "NegativeHysteresis": 0.0,
            "OutLimitMax": 100.0,
            "OutLimitMin": 10.0,
            "Outputs": [
                "Pwm 5"
            ],
            "PCoefficient": 0.0,
            "PositiveHysteresis": 0.0,
            "SlewNeg": 0.0,
            "SlewPos": 0.0,
            "Type": "Pid",
            "Zones": [
                "Zone 3"
            ]
        },
        {
            "Class": "fan",
            "FFGainCoefficient": 1.0,
            "FFOffCoefficient": 0.0,
            "ICoefficient": 0.0,
            "ILimitMax": 0.0,
            "ILimitMin": 0.0,
            "Inputs": [
                "SYS_FAN4"
            ],
            "Name": "SYS_FAN4",
            "NegativeHysteresis": 0.0,
            "OutLimitMax": 100.0,
            "OutLimitMin": 10.0,
            "Outputs": [
                "Pwm 6"
            ],
            "PCoefficient": 0.0,
            "PositiveHysteresis": 0.0,
            "SlewNeg": 0.0,
            "SlewPos": 0.0,
            "Type": "Pid",
            "Zones": [
                "Zone 3"
            ]
        },
        {
            "Class": "fan",
            "FFGainCoefficient": 1.0,
            "FFOffCoefficient": 0.0,
            "ICoefficient": 0.0,
            "ILimitMax": 0.0,
            "ILimitMin": 0.0,
            "Inputs": [
                "SYS_FAN5"
            ],
            "Name": "SYS_FAN5",
            "NegativeHysteresis": 0.0,
            "OutLimitMax": 100.0,
            "OutLimitMin": 10.0,
            "Outputs": [
                "Pwm 7"
            ],
            "PCoefficient": 0.0,
            "PositiveHysteresis": 0.0,
            "SlewNeg": 0.0,
            "SlewPos": 0.0,
            "Type": "Pid",
            "Zones": [
                "Zone 3"
            ]
        },
        {
            "Class": "fan",
            "FFGainCoefficient": 1.0,
            "FFOffCoefficient": 0.0,
            "ICoefficient": 0.0,
            "ILimitMax": 0.0,
            "ILimitMin": 0.0,
            "Inputs": [
                "SYS_FAN6"
            ],
            "Name": "SYS_FAN6",
            "NegativeHysteresis": 0.0,
            "OutLimitMax": 100.0,
            "OutLimitMin": 10.0,
            "Outputs": [
                "Pwm 8"
            ],
            "PCoefficient": 0.0,
            "PositiveHysteresis": 0.0,
            "SlewNeg": 0.0,
            "SlewPos": 0.0,
            "Type": "Pid",
            "Zones": [
                "Zone 3"
            ]
        },
        {
            "Class": "temp",
            "FFGainCoefficient": 0.0,
            "FFOffCoefficient": 0.0,
            "ICoefficient": -1.0,
            "ILimitMax": 100,
            "ILimitMin": 20,
            "Inputs": [
                "CPU0"
            ],
            "Name": "CPU0 Temperature Control",
            "NegativeHysteresis": 5.0,
            "OutLimitMax": 100,
            "OutLimitMin": 30,
            "Outputs": [],
            "PCoefficient": -5,
            "PositiveHysteresis": 0.0,
            "SetPoint": 60.0,
            "SlewNeg": -1,
            "SlewPos": 0.0,
            "Type": "Pid",
            "Zones": [
                "Zone 1"
            ]
        },
        {
            "Class": "temp",
            "FFGainCoefficient": 0.0,
            "FFOffCoefficient": 0.0,
            "ICoefficient": -1.0,
            "ILimitMax": 100,
            "ILimitMin": 20,
            "Inputs": [
                "CPU1"
            ],
            "Name": "CPU1 Temperature Control",
            "NegativeHysteresis": 5.0,
            "OutLimitMax": 100,
            "OutLimitMin": 30,
            "Outputs": [],
            "PCoefficient": -5,
            "PositiveHysteresis": 0.0,
            "SetPoint": 60.0,
            "SlewNeg": -1,
            "SlewPos": 0.0,
            "Type": "Pid",
            "Zones": [
                "Zone 2"
            ]
        },
        {
            "Class": "temp",
            "FFGainCoefficient": 0.0,
            "FFOffCoefficient": 0.0,
            "ICoefficient": -1.0,
            "ILimitMax": 100,
            "ILimitMin": 20,
            "Inputs": [
                "BMC",
                "DIMM_P0_ABCD",
                "DIMM_P0_ABCD_P1_EFGH",
                "DIMM_P0_EFGH",
                "DIMM_P0_EFGH_P1_ABCD",
                "DIMM_P1_ABCD",
                "DIMM_P1_EFGH",
                "PCIe_Slots"
            ],
            "Name": "Board Temperature Control",
            "NegativeHysteresis": 3.0,
            "OutLimitMax": 100,
            "OutLimitMin": 30,
            "Outputs": [],
            "PCoefficient": -5,
            "PositiveHysteresis": 0.0,
            "SetPoint": 35.0,
            "SlewNeg": -1,
            "SlewPos": 0.0,
            "Type": "Pid",
            "Zones": [
                "Zone 3"
            ]
        },
        {
            "FailSafePercent": 100,
            "MinThermalOutput": 10,
            "Name": "Zone 1",
            "Type": "Pid.Zone"
        },
        {
            "FailSafePercent": 100,
            "MinThermalOutput": 10,
            "Name": "Zone 2",
            "Type": "Pid.Zone"
        },
        {
            "FailSafePercent": 100,
            "MinThermalOutput": 10,
            "Name": "Zone 3",
            "Type": "Pid.Zone"
        }
    ],
    "Name": "AMD EthanolX Baseboard",
    "Probe": "TRUE",
    "Type": "Board",
    "ProductId": "1",
    "xyz.openbmc_project.Inventory.Decorator.Asset": {
        "Manufacturer": "AMD",
        "Model": "EthanolX",
        "PartNumber": "109-H43111-00A_02",
        "SerialNumber": "EX782B"
    },
    "xyz.openbmc_project.Inventory.Item.System": {}
}
