{
  "channels": [
    {
      "type": "ipmb",
      "slave-path": "/dev/ipmb-0",
      "bmc-addr": 32,
      "remote-addr": 64,
      "devIndex": 0
    },
    {
      "type": "ipmb",
      "slave-path": "/dev/ipmb-1",
      "bmc-addr": 32,
      "remote-addr": 64,
      "devIndex": 1
    },
    {
      "type": "ipmb",
      "slave-path": "/dev/ipmb-2",
      "bmc-addr": 32,
      "remote-addr": 64,
      "devIndex": 2
    },
    {
      "type": "ipmb",
      "slave-path": "/dev/ipmb-3",
      "bmc-addr": 32,
      "remote-addr": 64,
      "devIndex": 3
    },
    {
      "type": "ipmb",
      "slave-path": "/dev/ipmb-9",
      "bmc-addr": 32,
      "remote-addr": 64,
      "devIndex": 4
    }
 ]
}
