{
    "inlet": [
        {"instance": 1, "dbus": "/xyz/openbmc_project/sensors/temperature/PSU0_TEMP", "record_id": 243},
        {"instance": 2, "dbus": "/xyz/openbmc_project/sensors/temperature/PSU1_TEMP", "record_id": 244}
    ],
    "baseboard": [
        {"instance": 1, "dbus": "/xyz/openbmc_project/sensors/temperature/TS1_Temp", "record_id": 1},
        {"instance": 2, "dbus": "/xyz/openbmc_project/sensors/temperature/TS2_Temp", "record_id": 2},
        {"instance": 3, "dbus": "/xyz/openbmc_project/sensors/temperature/TS3_Temp", "record_id": 3},
        {"instance": 4, "dbus": "/xyz/openbmc_project/sensors/temperature/TS4_Temp", "record_id": 4},
        {"instance": 5, "dbus": "/xyz/openbmc_project/sensors/temperature/TS5_Temp", "record_id": 5},
        {"instance": 6, "dbus": "/xyz/openbmc_project/sensors/temperature/TS6_Temp", "record_id": 6}
    ],
    "cpu": [
        { "instance": 1, "dbus": "/xyz/openbmc_project/sensors/temperature/S0_SOC_Temp", "record_id": 107 },
        { "instance": 2, "dbus": "/xyz/openbmc_project/sensors/temperature/S0_SOC_VRD_Temp", "record_id": 108 },
        { "instance": 3, "dbus": "/xyz/openbmc_project/sensors/temperature/S0_DIMM_VRD_Temp", "record_id": 109 },
        { "instance": 4, "dbus": "/xyz/openbmc_project/sensors/temperature/S0_Core_VRD_Temp", "record_id": 110 },
        { "instance": 5, "dbus": "/xyz/openbmc_project/sensors/temperature/S0_DIMMG0_Temp", "record_id": 111 },
        { "instance": 6, "dbus": "/xyz/openbmc_project/sensors/temperature/S0_RCA_VR_Temp", "record_id": 154 },
        { "instance": 7, "dbus": "/xyz/openbmc_project/sensors/temperature/S1_SOC_Temp", "record_id": 123 },
        { "instance": 8, "dbus": "/xyz/openbmc_project/sensors/temperature/S1_SOC_VRD_Temp", "record_id": 124 },
        { "instance": 9, "dbus": "/xyz/openbmc_project/sensors/temperature/S1_DIMM_VRD_Temp", "record_id": 125 },
        { "instance": 10, "dbus": "/xyz/openbmc_project/sensors/temperature/S1_Core_VRD_Temp", "record_id": 126 },
        { "instance": 11, "dbus": "/xyz/openbmc_project/sensors/temperature/S1_DIMMG0_Temp", "record_id": 127 },
        { "instance": 12, "dbus": "/xyz/openbmc_project/sensors/temperature/S1_RCA_VR_Temp", "record_id": 157 },
        { "instance": 13, "dbus": "/xyz/openbmc_project/sensors/temperature/S0_DIMMG1_Temp", "record_id": 105 },
        { "instance": 14, "dbus": "/xyz/openbmc_project/sensors/temperature/S1_DIMMG1_Temp", "record_id": 106 }
    ]
}
