[
  {
		"Desc" :
		{
			"Name" : "Virtual_CFM_Sensor",
			"SensorType" : "airflow"
		},
		"Threshold" :
		{
			"CriticalHigh": 40,
			"CriticalLow": 10,
			"WarningHigh": 30,
			"WarningLow": 15
		},
		"Params":
		{
			"ConstParam" :
			[
				{
					"ParamName" : "P1",
					"Value" : 0.00565
				},
				{
					"ParamName" : "P2",
					"Value" : 3.7427
				}
			],
			"DbusParam" :
			[
				{
					"ParamName" : "P3",
					"Desc" :
					{
						"Name" : "SP_FAN0_TACH",
						"SensorType" : "fan_tach"
					}
				},
				{
					"ParamName" : "P4",
					"Desc" :
					{
						"Name" : "SP_FAN1_TACH",
						"SensorType" : "fan_tach"
					}
				}
			]
		},
		"Expression" : "(P3 * P1) + (P4 * P1) - P2"
	}
]

