{
  "0" : {
    "name" : "Ipmb",
    "is_valid" : true,
    "active_sessions" : 0,
    "channel_info" : {
      "medium_type" : "ipmb",
      "protocol_type" : "ipmb-1.0",
      "session_supported" : "session-less",
      "is_ipmi" : true
    }
  },
  "1" : {
    "name" : "eth1",
    "is_valid" : true,
    "active_sessions" : 0,
    "channel_info" : {
      "medium_type" : "lan-802.3",
      "protocol_type" : "ipmb-1.0",
      "session_supported" : "multi-session",
      "is_ipmi" : true
    }
  },
  "2" : {
    "name" : "eth0",
    "is_valid" : true,
    "active_sessions" : 0,
    "channel_info" : {
      "medium_type" : "lan-802.3",
      "protocol_type" : "ipmb-1.0",
      "session_supported" : "multi-session",
      "is_ipmi" : true
    }
  },
  "7" : {
    "name" : "ipmi_kcs4",
    "is_valid" : true,
    "active_sessions" : 0,
    "channel_info" : {
      "medium_type" : "system-interface",
      "protocol_type" : "kcs",
      "session_supported" : "session-less",
      "is_ipmi" : true
    }
  },
  "8" : {
    "name" : "INTRABMC",
    "is_valid" : true,
    "active_sessions" : 0,
    "max_transfer_size" : 256,
    "channel_info" : {
      "medium_type" : "oem",
      "protocol_type" : "oem",
      "session_supported" : "session-less",
      "is_ipmi" : true
    }
  },
  "15" : {
    "name" : "ipmi_kcs3",
    "is_valid" : true,
    "active_sessions" : 0,
    "channel_info" : {
      "medium_type" : "system-interface",
      "protocol_type" : "kcs",
      "session_supported" : "session-less",
      "is_ipmi" : true
    }
  }
}
